Noun,
Accern,
ACCERN,
ACCSN,
API,
AWS,
Accenture,
Action,
Admin,
Agent,
Airtel,
Al,
Amazon,
Analyse,
Analytics,
Andreessen,
Angel,
Api,
App,
Apple,
Application,
Asset,
Audio,
Authority,
Automation,
Ayushman,
BCG,
BFSI,
BITS,
BARC,
Bharat,
BITS,
Blockchain,
Blog,
Board,
Book,
Brand,
Broker,
Budget,
Business,
CRM,
Capgemini,
Capital,
Catalyst,
Ceremony,
Chain,
Challenge,
Channel,
Chart,
Choice,
City,
Classification,
Client,
Clinic,
Cloud,
Code,
Cohort,
Communication,
Community,
Company,
Comparison,
Competitor,
Compliance,
Component,
Computer,
Concept,
Condition,
Consumer,
Content,
Contract,
Conversion,
Copilot,
Cost,
Count,
Coverage,
Creator,
Credit,
Crowd,
Culture,
Customer,
Cycle,
DB,
DPO,
Dashboard,
Data,
Databricks,
Datastore,
Deal,
Decision-making,
Defect,
Degradation,
Demand,
Deployment,
Design,
Details,
Detection,
Developer,
Development,
Differentiation,
Digitization,
Diligence,
Disclosure,
Discovery,
Dishtv,
Distribution,
Document,
Documentation,
Donation,
Downtime,
Draft,
Dreamhire,
Drone,
DubGlocal,
Duration,
ETA,
EY,
EPC,
ERP,
Ecosystem,
EdTech,
Education,
Efficiency,
Effort,
Enablement,
End,
Engagement,
Engine,
Engineer,
Enterprise,
Entertainment,
Entrepreneur,
Environment,
Equipment,
Error,
Evaluation,
Event,
Evidence,
Excellence,
Exchange,
Execution,
Executive,
Experience,
Expert,
Expertise,
FaithTech,
Feedback,
File,
Filename,
Finance,
FinTech,
Firm,
Fit,
FlexiBench,
Follow-up,
Forecasting,
Format,
Foundation,
Founder,
Fractal,
Framework,
Frequency,
Friction,
Fund,
Funding,
Funnel,
Future,
GPT,
Gartner,
GenAI,
Generation,
GeneX,
Geofencing,
Gliff,
Goal,
Google,
Government,
Guidance,
HL7,
HRTech,
HP,
HubSpot,
IBM,
ID,
IRB,
ISRO,
Idea,
Image,
Impact,
Inefficiency,
Influence-building,
Information,
Infrastructure,
Innovation,
Input,
Insituate,
Insight,
Inspection,
Inspire,
Institution,
Insurer,
Integration,
Intel,
Intelligence,
Interaction,
Interactive,
Interest,
Interface,
Internet,
Intervention,
Inventory,
Investis,
Investor,
InvestorBase,
Issue,
JINDAL,
JSON,
Journey,
Judgment,
Justice,
KPI,
Kalakari,
Krutrim,
LLM,
Label,
Language,
Launch,
Leader,
Learning,
LegalTech,
Lens,
Level,
Lifecycle,
Life,
Lifespan,
Localization,
Log,
Logic,
Logistics,
MES,
MIZUHO,
Maintainability,
Management,
Manager,
MapmyIndia,
Markdown,
Market,
Marketing,
MarTech,
Match,
McKinsey,
Media,
MediaTech,
Member,
Mentorship,
Metaverse,
Methodology,
Metric,
Microsoft,
Million,
Mission,
Mitigation,
Mixpanel,
Model,
Moderation,
Monitor,
Monitoring,
Morgan,
Motion,
NASSCOM,
NLP,
NSE,
NVIDIA,
Network,
News,
Noida,
Nonprofit,
Notice,
OLA,
OS,
OTT,
Observability,
Ola,
OnFinance,
Onboarding,
Operation,
Opportunity,
Ops,
Memo,
Orchestration,
Organization,
Outcome,
Outreach,
Overview,
PDF,
PHC,
PRD,
PanScience,
Paper,
Parchaa,
Partner,
Pattern,
Peak,
Performance,
Personalization,
Petition,
Pipeline,
Pitch-deck,
Placement,
Planning,
Platform,
Player,
Policymaker,
Portfolio,
Position,
Power,
Practice,
PredCo,
Prediction,
Presence,
Price,
Priority,
Problem,
Process,
Processing,
Product,
Productivity,
Professional,
Profit,
Project,
Prompt,
Prospect,
Proteus,
Provider,
Python,
Quality,
QuantVerse,
Query,
Queue,
RBI,
RLHF,
ROI,
RailTel,
Range,
Ratio,
Reach,
Readiness,
Reasoning,
Recognition,
Recommendation,
Recruiter,
Recruitment,
Regression,
Regulator,
Relevance,
Reply,
Report,
Reporting,
Repository,
Request,
Research,
Resource,
Response,
Result,
Retail,
Revenue,
Review,
Risk,
Road,
Roadmap,
Roadvision,
S.NO,
SaaS,
SCADA,
SDK,
SEC,
SEBI,
SFT,
SNOMED,
Sankalpam,
Samsung,
Satisfaction,
Scale,
Scan,
Scenario,
Scheduling,
Science,
Score,
Screening,
Search,
Security,
Seed,
Sentiment,
Service,
Setup,
SheEO,
Signal-to-noise,
Silo,
Simulation,
Size,
Smartphone,
Sonalika,
Solution,
Source,
Space,
SquadRun,
Stack,
Stage,
Stakeholder,
Standard,
Stanley,
Startup,
Status,
Steel,
Story,
Strategy,
Stream,
Streamlit,
Studio,
Style,
Success,
Suite,
Supply,
Support,
Sustainability,
System,
TRD,
Target,
Task,
Team,
Tech,
Technology,
Telemedicine,
Template,
Test,
Text,
Timeline,
Time-to-market,
Tool,
Tracker,
Tradition,
Training,
Transaction,
Transcript,
Transcription,
Transformation,
Transition,
Translation,
Transparency,
Trend,
Tube,
Twin,
Type,
Uptime,
UrbanTech,
Use-case,
User,
Usage,
VIZAG,
VC,
Valuation,
Value,
Venture,
Video,
View,
Visibility,
Vision,
Visual,
Voice,
Volatility,
Volume,
WNS,
Watch,
Website,
Workflow,
Workforce,
Workspace,
World,
Wright,
YouTube,
founder,
genpact,
gliff,
hotstar,
ibm,
indika,
intel,
isro,
ola,
panscience,
parchaa,
predco,
samsung,
startup,
vision,